Location,Order #,Sent Date,Modifier,Option Group Name,Parent Menu Selection,Discount,Net Price,Qty,Void?,Void Reason
Los Gatos,2,4/1/24 12:02 PM,Castelvetrano Only,,3 Olive Sampler,0.00,0.00,1.0,false,
Los Gatos,1,4/1/24 12:07 PM,Add Roma Tomatoes,Burrata Options,DiStefano Burrata,0.00,5.00,1.0,false,
Los Gatos,1,4/1/24 12:33 PM,Add 5 Shrimp,Pasta Options,Carbonara,0.00,12.00,1.0,false,
Los Gatos,4,4/1/24 12:35 PM,Crumbles On The Side,,1/2 Gorgonzola,0.00,0.00,1.0,false,
Los Gatos,11,4/1/24 1:38 PM,Extra Dressing,,Caesar,0.00,0.00,1.0,false,
Los Gatos,10,4/1/24 1:39 PM,Add Shrimp ,Insalate Options,Mista,0.00,12.00,1.0,false,
Los Gatos,12,4/1/24 1:52 PM,2 Bolzano 1 Funghi,,Bolzano,0.00,0.00,1.0,false,
Los Gatos,13,4/1/24 2:11 PM,Only Green Olives,,3 Olive Sampler,0.00,0.00,1.0,false,
Los Gatos,7,4/1/24 2:36 PM,With Milk,Coffee Mods,Large French Press Coffee,0.00,0.00,1.0,false,
Los Gatos,7,4/1/24 2:36 PM,Sugar,Coffee Mods,Large French Press Coffee,0.00,0.00,1.0,false,
Los Gatos,14,4/1/24 3:26 PM,NO MAKE,,Crostini Sampler,0.00,0.00,1.0,false,
Los Gatos,16,4/1/24 3:34 PM,Add Roma Tomatoes,Burrata Options,DiStefano Burrata,0.00,5.00,1.0,false,
Los Gatos,16,4/1/24 3:34 PM,Pressed,Caprese Panini Options,Caprese Panini,0.00,0.00,1.0,false,
Los Gatos,15,4/1/24 3:48 PM,Add Roma Tomatoes,Burrata Options,DiStefano Burrata,0.00,5.00,1.0,false,
Los Gatos,20,4/1/24 5:03 PM,Add Salmon,Insalate Options,Mista,0.00,14.00,1.0,false,
Los Gatos,23,4/1/24 5:19 PM,Add Roma Tomatoes,Burrata Options,DiStefano Burrata,0.00,5.00,1.0,false,
Los Gatos,23,4/1/24 5:33 PM,Dressing On Side,Insalate Options,Mista,0.00,0.00,1.0,false,
Los Gatos,23,4/1/24 5:33 PM,Extra Meat,,Ricchezza (Picollo),0.00,0.00,1.0,false,
Los Gatos,26,4/1/24 6:22 PM,Add Arugula,Insalate Options,Caprese Insalate,0.00,3.00,1.0,false,
Los Gatos,24,4/1/24 6:28 PM,Add One Meatball,Options,Meatballs,0.00,7.00,1.0,false,
Los Gatos,29,4/1/24 6:39 PM,Light Dressing,Insalate Options,Caesar,0.00,0.00,1.0,false,
Los Gatos,29,4/1/24 6:40 PM,Add 5 Shrimp,Pasta Options,Aglio e Olio,0.00,12.00,1.0,false,
Los Gatos,29,4/1/24 6:40 PM,No Bread Crumbs,,Aglio e Olio,0.00,0.00,1.0,false,
Los Gatos,29,4/1/24 6:40 PM,Add Two Meatballs,Pasta Options,Spaghetti Marinara,0.00,12.00,1.0,false,
Los Gatos,34,4/1/24 7:22 PM,Add Pepperchini,,Sonny's Sandwich,0.00,0.00,1.0,false,
Los Gatos,15,4/2/24 5:55 PM,Both Split,,Tonno Panini,0.00,0.00,1.0,false,
Los Gatos,16,4/2/24 5:58 PM,Add Two Meatballs,Pasta Options,Spaghetti Marinara,0.00,12.00,1.0,false,
Los Gatos,17,4/2/24 6:19 PM,Add Chicken,Insalate Options,Gorgonzola Salad,0.00,9.00,1.0,false,
Los Gatos,17,4/2/24 6:19 PM,Add Chicken,Insalate Options,Caesar,0.00,9.00,1.0,false,
Los Gatos,17,4/2/24 6:19 PM,Add Chicken,Insalate Options,Caprese Insalate,0.00,9.00,1.0,false,
Los Gatos,22,4/2/24 6:29 PM,Extra Red Pepper,,Aglio e Olio,0.00,0.00,1.0,false,
Los Gatos,21,4/2/24 6:36 PM,Add Roma Tomatoes,Burrata Options,DiStefano Burrata,0.00,5.00,1.0,false,
Los Gatos,27,4/2/24 7:14 PM,Castelvetrano,,3 Olive Sampler,0.00,0.00,1.0,false,
Los Gatos,24,4/2/24 7:39 PM,Add Roma Tomatoes,Burrata Options,DiStefano Burrata,0.00,5.00,1.0,false,
Los Gatos,30,4/2/24 7:45 PM,Add Roma Tomatoes,Burrata Options,DiStefano Burrata,0.00,5.00,1.0,false,
Los Gatos,30,4/2/24 7:57 PM,Add One Meatball,Options,Meatballs,0.00,7.00,1.0,false,
Los Gatos,1,4/3/24 12:31 PM,Add Shrimp ,Insalate Options,Caesar,0.00,12.00,1.0,false,
Los Gatos,4,4/3/24 12:47 PM,Add Roma Tomatoes,Burrata Options,DiStefano Burrata,0.00,5.00,1.0,false,
Los Gatos,5,4/3/24 12:49 PM,No Onions On Falf,,Mista,0.00,0.00,1.0,false,
Los Gatos,6,4/3/24 12:54 PM,"No Chili ,no Letuce On Plate",,Calabrese Lo Riscaldo,0.00,0.00,1.0,false,
Los Gatos,7,4/3/24 1:02 PM,Add Roma Tomatoes,Burrata Options,DiStefano Burrata,0.00,5.00,1.0,false,
Los Gatos,1,4/3/24 1:20 PM,Bday,,Tiramisu,0.00,0.00,1.0,false,
Los Gatos,14,4/3/24 5:47 PM,Cut In 4,,Calabrese Lo Riscaldo,0.00,0.00,1.0,false,
Los Gatos,14,4/3/24 5:47 PM,Cut In 4,,Arthur Ave,0.00,0.00,1.0,false,
Los Gatos,18,4/3/24 6:04 PM,Large Side Of Cippolini Onions,,DiStefano Burrata,0.00,0.00,1.0,false,
Los Gatos,23,4/3/24 6:10 PM,Add Roma Tomatoes,Burrata Options,DiStefano Burrata,0.00,5.00,1.0,false,
Los Gatos,25,4/3/24 6:28 PM,No Spicy,,Ricchezza (Picollo),0.00,0.00,1.0,false,
Los Gatos,23,4/3/24 6:42 PM,Add Shrimp,,Caesar,0.00,9.00,1.0,false,
Los Gatos,28,4/3/24 7:18 PM,Extra Veggies,,Salmon,0.00,0.00,1.0,false,
Los Gatos,29,4/3/24 7:22 PM,Add Chicken,Pasta Options,Cacio e Pepe,0.00,9.00,1.0,false,
Los Gatos,32,4/3/24 7:53 PM,Add Shrimp,,Aglio e Olio,0.00,9.00,1.0,false,
Los Gatos,1,4/4/24 12:50 PM,Salmon,,DD CAESAR,0.00,16.00,1.0,false,
Los Gatos,3,4/4/24 12:59 PM,Add Chicken,Insalate Options,Gorgonzola Salad,0.00,18.00,2.0,false,
Los Gatos,2,4/4/24 1:01 PM,Only Green,,3 Olive Sampler,0.00,0.00,1.0,false,
Los Gatos,2,4/4/24 1:01 PM,Mixed With Balsamic,,Garlic Chili In Oil,0.00,0.00,1.0,false,
Los Gatos,4,4/4/24 1:52 PM,Add Chicken,,Caprese Panini,0.00,0.00,1.0,false,
Los Gatos,4,4/4/24 1:52 PM,Ceasar Dressing Instead Of Pesto,,Caprese Panini,0.00,0.00,1.0,false,
Los Gatos,7,4/4/24 3:42 PM,Gf Bread,,Funghi,0.00,0.00,1.0,false,
Los Gatos,8,4/4/24 4:38 PM,Add Roma Tomatoes,Burrata Options,DiStefano Burrata,0.00,5.00,1.0,false,
Los Gatos,10,4/4/24 5:49 PM,Add Roma Tomatoes,Burrata Options,DiStefano Burrata,0.00,5.00,1.0,false,
Los Gatos,10,4/4/24 5:53 PM,Gluten Free Bread,GF Bread,Crostini Sampler,0.00,5.00,1.0,false,
Los Gatos,13,4/4/24 6:29 PM,Giardinera,,The Alba,0.00,0.00,2.0,false,
Los Gatos,15,4/4/24 6:30 PM,Add Roma Tomatoes,Burrata Options,DiStefano Burrata,0.00,5.00,1.0,false,
Los Gatos,14,4/4/24 6:43 PM,"No Truffle ,no Truffle Oil",,Mushroom Ravioli,0.00,0.00,1.0,false,
Los Gatos,20,4/4/24 7:28 PM,Gluten Free Bread,GF Bread,Funghi,0.00,5.00,1.0,false,
Los Gatos,22,4/4/24 7:41 PM,Add Red Sauce,Pasta Options,Kids Pasta,0.00,4.00,2.0,false,
Los Gatos,22,4/4/24 7:44 PM,Add Chicken,Insalate Options,Caesar,0.00,9.00,1.0,false,
Los Gatos,23,4/4/24 7:54 PM,Add Tomatoes,,DD DiStefano Burrata,0.00,5.00,1.0,false,
Los Gatos,23,4/4/24 7:54 PM,Add Shrimp,Add Shrimp,DD MISTA,0.00,12.00,1.0,false,
Los Gatos,4,4/5/24 12:25 PM,No Truffle,,Ricchezza (Picollo),0.00,0.00,1.0,false,
Los Gatos,4,4/5/24 12:25 PM,No Gorgonzola,,Ricchezza (Picollo),0.00,0.00,1.0,false,
Los Gatos,4,4/5/24 12:25 PM,Include Caprino,,Ricchezza (Picollo),0.00,0.00,1.0,false,
Los Gatos,5,4/5/24 12:53 PM,Add Chicken,Insalate Options,Gorgonzola Salad,0.00,9.00,1.0,false,
Los Gatos,5,4/5/24 12:53 PM,Cut in 3,Panini Mods,Caprese Panini,0.00,0.00,1.0,false,
Los Gatos,7,4/5/24 1:00 PM,Add Chicken,Insalate Options,Caprese Insalate,0.00,9.00,1.0,false,
Los Gatos,10,4/5/24 2:06 PM,Extra Dressing,,Caesar,0.00,0.00,1.0,false,
Los Gatos,11,4/5/24 2:28 PM,No Gorgonzola,,Sinfonia (Mezzo),0.00,0.00,1.0,false,
Los Gatos,12,4/5/24 2:30 PM,Make 4,Crostini Mods,Bolzano,0.00,4.00,1.0,false,
Los Gatos,13,4/5/24 2:40 PM,Extra Pepperoncini,Tonno Salad Options,Tonno Insalate,0.00,3.00,1.0,false,
Los Gatos,18,4/5/24 4:45 PM,Arugula,,DD MISTA,0.00,0.00,1.0,false,
Los Gatos,21,4/5/24 5:23 PM,Add Anchovy,Insalate Options,Caesar,0.00,3.00,1.0,false,
Los Gatos,23,4/5/24 5:48 PM,Make 4,Crostini Mods,Funghi,0.00,4.00,1.0,false,
Los Gatos,23,4/5/24 5:56 PM,Add Anchovy,Insalate Options,Caesar,0.00,3.00,1.0,false,
Los Gatos,29,4/5/24 5:58 PM,Gluten Free Bread,GF Bread,Caprese Panini,0.00,5.00,1.0,false,
Los Gatos,31,4/5/24 6:15 PM,Add To Kids Pasta,,Sausage & Peppers,0.00,0.00,1.0,false,
Los Gatos,32,4/5/24 6:18 PM,Add Roma Tomatoes,Burrata Options,DiStefano Burrata,0.00,5.00,1.0,false,
Los Gatos,36,4/5/24 6:41 PM,Add Roma Tomatoes,Burrata Options,DiStefano Burrata,0.00,5.00,1.0,false,
Los Gatos,38,4/5/24 6:46 PM,Add Chicken,Insalate Options,Gorgonzola Salad,0.00,9.00,1.0,false,
Los Gatos,39,4/5/24 6:51 PM,Add Roma Tomatoes,Burrata Options,DiStefano Burrata,0.00,5.00,1.0,false,
Los Gatos,32,4/5/24 6:55 PM,Add Roma Tomatoes,Burrata Options,DiStefano Burrata,0.00,5.00,1.0,false,
Los Gatos,40,4/5/24 6:57 PM,Add Roma Tomatoes,Burrata Options,DiStefano Burrata,0.00,5.00,1.0,false,
Los Gatos,41,4/5/24 7:00 PM,Extra Crostini,,DD DiStefano Burrata,0.00,0.00,1.0,false,
Los Gatos,43,4/5/24 7:15 PM,Make 4,Crostini Mods,Funghi,0.00,4.00,1.0,false,
Los Gatos,43,4/5/24 7:15 PM,2 Bolzano,,Funghi,0.00,0.00,1.0,false,
Los Gatos,48,4/5/24 7:43 PM,Just Butter And Cheese,,Kids Pasta,0.00,0.00,1.0,false,
Los Gatos,46,4/5/24 7:50 PM,Pressed,,Tonno Panini,0.00,0.00,1.0,false,
Los Gatos,37,4/5/24 7:53 PM,B Day,,Tiramisu,0.00,0.00,1.0,false,
Los Gatos,50,4/5/24 8:04 PM,Add Roma Tomatoes,Burrata Options,DiStefano Burrata,0.00,5.00,1.0,false,
Los Gatos,51,4/5/24 8:16 PM,Gluten Free Bread,GF Bread,Arthur Ave,0.00,5.00,1.0,false,
Los Gatos,51,4/5/24 8:16 PM,"No Provolone Sub Montemayore ,pressed",,Arthur Ave,0.00,0.00,1.0,false,
Los Gatos,3,4/6/24 12:36 PM,Add Roma Tomatoes,Burrata Options,DiStefano Burrata,0.00,5.00,1.0,false,
Los Gatos,5,4/6/24 1:48 PM,Add Chicken,Insalate Options,Gorgonzola Salad,0.00,9.00,1.0,false,
Los Gatos,8,4/6/24 2:27 PM,No Dressing,Insalate Options,Gorgonzola Salad,0.00,0.00,3.0,false,
Los Gatos,17,4/6/24 3:52 PM,Extra Cheese Pls:),,Aglio e Olio,0.00,0.00,1.0,false,
Los Gatos,17,4/6/24 3:52 PM,No Chili Flakes,Aglio E Olio Options,Aglio e Olio,0.00,0.00,1.0,false,
Los Gatos,17,4/6/24 3:52 PM,For Karla,,Aglio e Olio,0.00,0.00,1.0,false,
Los Gatos,20,4/6/24 4:17 PM,Make One Of The Cheeses Burrata,,Ricchezza (Picollo),0.00,0.00,1.0,false,
Los Gatos,20,4/6/24 4:17 PM,Likes Truffle,,Ricchezza (Picollo),0.00,0.00,1.0,false,
Los Gatos,24,4/6/24 6:03 PM,Chili On Side,,Aglio e Olio,0.00,0.00,1.0,false,
Los Gatos,24,4/6/24 6:03 PM,Add One Meatball,Pasta Options,Carbonara,0.00,7.00,1.0,false,
Los Gatos,24,4/6/24 6:03 PM,Meatball On Side,,Carbonara,0.00,0.00,1.0,false,
Los Gatos,27,4/6/24 6:18 PM,Add Roma Tomatoes,Burrata Options,DiStefano Burrata,0.00,5.00,1.0,false,
Los Gatos,26,4/6/24 6:21 PM,Add Roma Tomatoes,Burrata Options,DiStefano Burrata,0.00,5.00,1.0,false,
Los Gatos,29,4/6/24 6:45 PM,Gluten Free Bread,GF Bread,Funghi,0.00,5.00,1.0,false,
Los Gatos,39,4/6/24 7:12 PM,Side Of Veggies,,Mushroom Ravioli,0.00,4.00,1.0,false,
Los Gatos,31,4/6/24 7:14 PM,Make 4,Crostini Mods,Renata,0.00,4.00,1.0,false,
Los Gatos,32,4/6/24 7:16 PM,Add One Meatball,Pasta Options,Kids Pasta,0.00,7.00,1.0,false,
Los Gatos,32,4/6/24 7:16 PM,Add Red Sauce,Pasta Options,Kids Pasta,0.00,2.00,1.0,false,
Los Gatos,43,4/6/24 7:50 PM,Add One Meatball,Pasta Options,Spaghetti Marinara,0.00,7.00,1.0,false,
Los Gatos,1,4/7/24 11:50 AM,Cut In 4,,Arthur Ave,0.00,0.00,2.0,false,
Los Gatos,1,4/7/24 11:50 AM,Cut In 4,,Caprese Panini,0.00,0.00,4.0,false,
Los Gatos,1,4/7/24 1:53 PM,Cut In 4,,Caprese Panini,0.00,0.00,2.0,false,
Los Gatos,1,4/7/24 1:53 PM,Cut In 4,,Arthur Ave,0.00,0.00,1.0,false,
Los Gatos,1,4/7/24 2:20 PM,No Cheese,,Arthur Ave,0.00,0.00,1.0,false,
Los Gatos,1,4/8/24 12:09 PM,No Cheese,Panini Mods,Tonno Panini,0.00,0.00,1.0,false,
Los Gatos,2,4/8/24 12:35 PM,Add Garlic Chili Spread,Panini Mods,Caprese Panini,0.00,1.00,1.0,false,
Los Gatos,2,4/8/24 12:35 PM,Pressed,Caprese Panini Options,Caprese Panini,0.00,0.00,1.0,false,
Los Gatos,4,4/8/24 12:53 PM,No Salt,,Salmon,0.00,0.00,1.0,false,
Los Gatos,3,4/8/24 1:05 PM,Sub Funghi With Bolzano,,Crostini Sampler,0.00,0.00,1.0,false,
Los Gatos,6,4/8/24 1:07 PM,Castelvetranos Only,,3 Olive Sampler,0.00,0.00,1.0,false,
Los Gatos,9,4/8/24 2:30 PM,NO MAKE,,Caesar,0.00,0.00,1.0,false,
Los Gatos,10,4/8/24 3:23 PM,Add Chicken,Insalate Options,Caesar,0.00,9.00,1.0,false,
Los Gatos,14,4/8/24 5:27 PM,Side Lemon,,Gorgonzola Salad,0.00,0.00,1.0,false,
Los Gatos,14,4/8/24 5:27 PM,Add Chicken,Insalate Options,Gorgonzola Salad,0.00,9.00,1.0,false,
Los Gatos,22,4/8/24 6:34 PM,Add Roma Tomatoes,Burrata Options,DiStefano Burrata,0.00,5.00,1.0,false,
Los Gatos,22,4/8/24 6:36 PM,Add Shrimp ,Insalate Options,Caesar,0.00,12.00,1.0,false,
Los Gatos,22,4/8/24 6:36 PM,Anchovy,,Caesar,0.00,0.00,1.0,false,
Los Gatos,22,4/8/24 6:36 PM,Add Salmon,Insalate Options,Mista,0.00,14.00,1.0,false,
Los Gatos,23,4/8/24 6:55 PM,No Truffle,,Pane Bianco,0.00,0.00,1.0,false,
Los Gatos,23,4/8/24 6:55 PM,Add One Meatball,Pasta Options,Spaghetti Marinara,0.00,7.00,1.0,false,
Los Gatos,24,4/8/24 7:19 PM,Add Arugula,Insalate Options,Caprese Insalate,0.00,3.00,1.0,false,
Los Gatos,4,4/9/24 12:17 PM,Light Chili,,Calabrese Lo Riscaldo,0.00,0.00,1.0,false,
Los Gatos,11,4/9/24 1:00 PM,Add Two Meatballs,Pasta Options,Spaghetti Marinara,0.00,12.00,1.0,false,
Los Gatos,14,4/9/24 1:49 PM,Add Pistachios,Insalate Options,Tonno Insalate,0.00,3.00,1.0,false,
Los Gatos,15,4/9/24 2:00 PM,Add Roma Tomatoes,Burrata Options,DiStefano Burrata,0.00,5.00,1.0,false,
Los Gatos,15,4/9/24 2:01 PM,No Chili,,Aglio e Olio,0.00,0.00,1.0,false,
Los Gatos,16,4/9/24 2:23 PM,Add Shrimp ,Insalate Options,Mista,0.00,12.00,1.0,false,
Los Gatos,17,4/9/24 2:44 PM,Add Tonno,,Mista,0.00,0.00,1.0,false,
Los Gatos,22,4/9/24 4:16 PM,Add Meat,Panini Mods,Caprese Panini,0.00,3.00,1.0,false,
Los Gatos,22,4/9/24 4:16 PM,Calabrese,,Caprese Panini,0.00,0.00,1.0,false,
Los Gatos,23,4/9/24 5:23 PM,Gluten Free Bread,GF Bread,Tricolore,0.00,5.00,1.0,false,
Los Gatos,23,4/9/24 5:23 PM,Add Chicken,Insalate Options,Caprese Insalate,0.00,9.00,1.0,false,
Los Gatos,27,4/9/24 6:42 PM,No Meat,Crostini Mods,Crostini Sampler,0.00,0.00,1.0,false,
Los Gatos,25,4/9/24 6:55 PM,Add Roma Tomatoes,Burrata Options,DiStefano Burrata,0.00,5.00,1.0,false,
Los Gatos,28,4/9/24 6:55 PM,Make 4,Crostini Mods,Funghi,0.00,4.00,1.0,false,
Los Gatos,2,4/10/24 12:02 PM,Add Roma Tomatoes,Burrata Options,DiStefano Burrata,0.00,5.00,1.0,false,
Los Gatos,5,4/10/24 1:07 PM,One Meat And One Cheese Spicy,,Ricchezza (Picollo),0.00,0.00,1.0,true,Customer Changed Mind
Los Gatos,6,4/10/24 1:36 PM,Add Roma Tomatoes,Burrata Options,DiStefano Burrata,0.00,5.00,1.0,false,
Los Gatos,7,4/10/24 2:27 PM,No Goia Burrata,Bruschetta Options,Classic Bruschetta,0.00,0.00,1.0,false,
Los Gatos,7,4/10/24 2:27 PM,Add Shrimp ,Insalate Options,1/2 Mista,0.00,12.00,1.0,false,
Los Gatos,10,4/10/24 3:56 PM,Add One Meatball,Pasta Options,Spaghetti Marinara,0.00,7.00,1.0,false,
Los Gatos,17,4/10/24 6:54 PM,Add Roma Tomatoes,Burrata Options,DiStefano Burrata,0.00,5.00,1.0,false,
Los Gatos,18,4/10/24 7:23 PM,Add Salmon,Insalate Options,Caesar,0.00,28.00,2.0,false,
Los Gatos,23,4/10/24 7:40 PM,Dressing On Side,Insalate Options,Caesar,0.00,0.00,1.0,false,
Los Gatos,15,4/10/24 7:47 PM,2 Shrimp Sides,,Open Food,0.00,0.00,1.0,false,
Los Gatos,24,4/10/24 7:48 PM,Side Of Sheimp,,Open Food,0.00,0.00,1.0,false,
Los Gatos,24,4/10/24 7:48 PM,Side Of Shrim!p,,Open Food,0.00,0.00,1.0,false,
Los Gatos,2,4/11/24 12:12 PM,Add Salmon,Insalate Options,Caesar,0.00,14.00,1.0,false,
Los Gatos,8,4/11/24 1:07 PM,Just Oil And Noodles,,Aglio e Olio,0.00,0.00,1.0,false,
Los Gatos,15,4/11/24 2:50 PM,Add Anchovy,Insalate Options,Caesar,0.00,3.00,1.0,false,
Los Gatos,15,4/11/24 2:50 PM,Add Pistachios,Insalate Options,Caesar,0.00,3.00,1.0,false,
Los Gatos,20,4/11/24 5:26 PM,Add Roma Tomatoes,Burrata Options,DiStefano Burrata,0.00,5.00,1.0,false,
Los Gatos,21,4/11/24 5:49 PM,Butter,,Kids Pasta,0.00,0.00,1.0,false,
Los Gatos,28,4/11/24 6:38 PM,Extra Crostini,,DD DiStefano Burrata,0.00,0.00,1.0,false,
Los Gatos,28,4/11/24 6:38 PM,Add Chicken,Add Chicken,DD CAESAR,0.00,10.00,1.0,false,
Los Gatos,29,4/11/24 6:39 PM,Add Roma Tomatoes,Burrata Options,DiStefano Burrata,0.00,5.00,1.0,false,
Los Gatos,31,4/11/24 6:56 PM,Gruner Hum Hofer,,Open Retail Wine,0.00,0.00,2.0,false,
Los Gatos,31,4/11/24 6:56 PM,Bracifote Creek,,Open Retail Wine,0.00,0.00,2.0,false,
Los Gatos,34,4/11/24 7:04 PM,Ema,,Open Retail Wine,0.00,0.00,2.0,false,
Los Gatos,34,4/11/24 7:04 PM,Belleboolle,,Open Retail Wine,0.00,0.00,2.0,false,
Los Gatos,34,4/11/24 7:04 PM,Westgate Curtis,,Open Retail Wine,0.00,0.00,2.0,false,
Los Gatos,37,4/11/24 7:14 PM,Light Dressing,Insalate Options,Caesar,0.00,0.00,1.0,false,
Los Gatos,37,4/11/24 7:15 PM,No Renata,,Crostini Sampler,0.00,0.00,1.0,false,
Los Gatos,37,4/11/24 7:15 PM,2 Tricolore,,Crostini Sampler,0.00,0.00,1.0,false,
Los Gatos,37,4/11/24 7:15 PM,No Bread Crumbs,Aglio E Olio Options,Aglio e Olio,0.00,0.00,1.0,false,
Los Gatos,37,4/11/24 7:15 PM,Add 5 Shrimp,Pasta Options,Aglio e Olio,0.00,12.00,1.0,false,
Los Gatos,36,4/11/24 7:18 PM,Tenuta Fulavin,,Open Retail Wine,0.00,0.00,1.0,true,Server Error
Los Gatos,36,4/11/24 7:18 PM,Edi Kante,,Open Retail Wine,0.00,0.00,1.0,false,
Los Gatos,36,4/11/24 7:18 PM,Ruminat,,Open Retail Wine,0.00,0.00,1.0,true,Server Error
Los Gatos,36,4/11/24 7:29 PM,Tenuta Alfonso,,Open Retail Wine,0.00,0.00,1.0,false,
Los Gatos,41,4/11/24 7:39 PM,Lorano,,Open Retail Wine,0.00,0.00,1.0,false,
Los Gatos,41,4/11/24 7:39 PM,Westgate Curtis,,Open Retail Wine,0.00,0.00,2.0,false,
Los Gatos,44,4/11/24 7:54 PM,Gluten Free Bread,GF Bread,Arthur Ave,0.00,5.00,1.0,false,
Los Gatos,44,4/11/24 7:54 PM,No Mista Sub Ceasar,,Arthur Ave,0.00,0.00,1.0,false,
Los Gatos,45,4/11/24 8:11 PM,Serbal,,Open On Prem Wine,0.00,0.00,2.0,false,
Los Gatos,45,4/11/24 8:17 PM,Bolzano,,Open Food,0.00,0.00,1.0,false,
Los Gatos,1,4/12/24 12:04 PM,All Green,,3 Olive Sampler,0.00,0.00,1.0,false,
Los Gatos,5,4/12/24 12:25 PM,Anchovy On The Side,,Caesar,0.00,0.00,1.0,false,
Los Gatos,7,4/12/24 12:37 PM,Gluten Free Bread,GF Bread,Calabrese Lo Riscaldo,0.00,5.00,1.0,true,86ed
Los Gatos,7,4/12/24 12:57 PM,Add Salmon,Insalate Options,Caesar,0.00,14.00,1.0,false,
Los Gatos,10,4/12/24 1:14 PM,Add Anchovy,Insalate Options,Caesar,0.00,3.00,1.0,false,
Los Gatos,10,4/12/24 1:14 PM,Add Pistachios,Insalate Options,Caesar,0.00,3.00,1.0,false,
Los Gatos,1,4/12/24 1:18 PM,All Green,,3 Olive Sampler,0.00,0.00,1.0,false,
Los Gatos,13,4/12/24 1:35 PM,Red Sauce No Oil,,Aglio e Olio,0.00,0.00,2.0,false,
Los Gatos,13,4/12/24 1:35 PM,No Cheese,,Classic Bruschetta,0.00,0.00,1.0,false,
Los Gatos,15,4/12/24 2:09 PM,Add Chicken,,Caesar,0.00,0.00,1.0,false,
Los Gatos,26,4/12/24 5:56 PM,No Pecorino,,Ricchezza (Picollo),0.00,0.00,1.0,false,
Los Gatos,24,4/12/24 6:07 PM,Xtra Peperuncini,,Tonno Panini,0.00,0.00,1.0,false,
Los Gatos,31,4/12/24 6:21 PM,Add Roma Tomatoes,Burrata Options,DiStefano Burrata,0.00,5.00,1.0,false,
Los Gatos,32,4/12/24 6:29 PM,Xtra Dressing,,Caesar,0.00,0.00,1.0,false,
Los Gatos,34,4/12/24 6:48 PM,Light Dressing,Insalate Options,Caesar,0.00,0.00,1.0,false,
Los Gatos,34,4/12/24 6:49 PM,No Cheese,,Aglio e Olio,0.00,0.00,1.0,false,
Los Gatos,36,4/12/24 7:00 PM,Xtra Veggies,,Salmon,0.00,0.00,1.0,false,
Los Gatos,37,4/13/24 4:40 PM,Add Mozzarella,Add Mozz,DD Meatballs,0.00,5.00,1.0,false,
Los Gatos,41,4/13/24 5:28 PM,No Basil Cheese On Side,,Spaghetti Marinara,0.00,0.00,1.0,false,
Los Gatos,41,4/13/24 5:37 PM,Add Giardinera,,The Alba,0.00,0.00,2.0,false,
Los Gatos,44,4/13/24 5:42 PM,Add Mozzarella,Add Mozz,DD Meatballs,0.00,5.00,1.0,false,
Los Gatos,46,4/13/24 5:47 PM,Add Salmon,Insalate Options,Gorgonzola Salad,0.00,14.00,1.0,false,
Los Gatos,46,4/13/24 5:47 PM,Full Salmon,,Gorgonzola Salad,0.00,0.00,1.0,false,
Los Gatos,51,4/13/24 6:37 PM,Add Roma Tomatoes,Burrata Options,DiStefano Burrata,0.00,5.00,1.0,false,
Los Gatos,52,4/13/24 6:41 PM,Add Arugula And Lemon,,DiStefano Burrata,0.00,0.00,1.0,false,
Los Gatos,49,4/13/24 6:45 PM,All Cheese But Duck Salami,,Sinfonia (Mezzo),0.00,0.00,1.0,false,
Los Gatos,49,4/13/24 6:54 PM,Add Chicken,Insalate Options,Gorgonzola Salad,0.00,9.00,1.0,false,
Los Gatos,49,4/13/24 6:54 PM,Well Done Chicken,,Gorgonzola Salad,0.00,0.00,1.0,false,
Los Gatos,57,4/13/24 7:25 PM,Add Roma Tomatoes,Burrata Options,DiStefano Burrata,0.00,5.00,1.0,false,
Los Gatos,57,4/13/24 7:25 PM,Glutenfree,,DiStefano Burrata,0.00,0.00,1.0,false,
Los Gatos,57,4/13/24 7:26 PM,Add One Meatball,Pasta Options,Aglio e Olio,0.00,7.00,1.0,false,
Los Gatos,58,4/13/24 7:36 PM,Nada Picante,,Ricchezza (Picollo),0.00,0.00,1.0,false,
Los Gatos,4,4/14/24 1:30 PM,One Bennie Firm Eggs,,Italian Benedict,0.00,0.00,2.0,false,
Los Gatos,4,4/14/24 1:30 PM,Add Lonzino,,Italian Benedict,0.00,12.00,2.0,false,
Los Gatos,6,4/14/24 2:05 PM,One Eggs No Focaccia,,Italian Benedict,0.00,0.00,1.0,true,Testing / Training
Los Gatos,2,4/15/24 12:09 PM,No Chili Spread,Calabrese Lo Riscaldo Mods,Calabrese Lo Riscaldo,0.00,0.00,1.0,false,
Los Gatos,2,4/15/24 12:09 PM,No Side Of Greenz,,Calabrese Lo Riscaldo,0.00,0.00,1.0,false,
Los Gatos,1,4/15/24 12:24 PM,Castelvetranos Only,,3 Olive Sampler,0.00,0.00,1.0,false,
Los Gatos,3,4/15/24 12:45 PM,Add Salmon,Insalate Options,Caesar,0.00,14.00,1.0,false,
Los Gatos,6,4/15/24 1:12 PM,Mixed Greens No Romaine,,Gorgonzola Salad,0.00,0.00,1.0,false,
Los Gatos,1,4/15/24 1:13 PM,Castelvetranos Only,,3 Olive Sampler,0.00,0.00,1.0,false,
Los Gatos,6,4/15/24 1:27 PM,No Garlic,,Spaghetti Marinara,0.00,0.00,1.0,false,
Los Gatos,6,4/15/24 1:27 PM,No Garlic,,Mushroom Ravioli,0.00,0.00,1.0,false,
Los Gatos,6,4/15/24 2:02 PM,With Milk,Coffee Mods,Small French Press Coffee,0.00,0.00,1.0,false,
Los Gatos,6,4/15/24 2:02 PM,Sugar,Coffee Mods,Small French Press Coffee,0.00,0.00,1.0,false,
Los Gatos,11,4/15/24 2:28 PM,Pressed,Caprese Panini Options,Caprese Panini,0.00,0.00,1.0,false,
Los Gatos,12,4/15/24 2:28 PM,Xtra Dressing,,Caesar,0.00,0.00,1.0,false,
Los Gatos,10,4/15/24 3:05 PM,Top With Basil,,Tonno with Crostini,0.00,0.00,1.0,false,
Los Gatos,10,4/15/24 3:05 PM,No Make,,3 Olive Sampler,0.00,0.00,1.0,false,
Los Gatos,14,4/15/24 4:00 PM,No Cheese,Pasta Options,Kids Pasta,0.00,0.00,1.0,false,
Los Gatos,14,4/15/24 4:00 PM,Butter Pasta With Italian Sausage,,Kids Pasta,0.00,5.00,1.0,false,
Los Gatos,16,4/15/24 5:16 PM,Add Salmon,Insalate Options,Caesar,0.00,14.00,1.0,false,
Los Gatos,17,4/15/24 5:31 PM,Make 4,Crostini Mods,Bolzano,0.00,4.00,1.0,false,
Los Gatos,20,4/15/24 6:26 PM,Add Chicken,Pasta Options,Mushroom Ravioli,0.00,9.00,1.0,false,
Los Gatos,22,4/15/24 6:51 PM,Add Salmon,Insalate Options,Caesar,0.00,14.00,1.0,false,
Los Gatos,23,4/15/24 6:57 PM,Add 5 Shrimp,Pasta Options,Aglio e Olio,0.00,12.00,1.0,false,
Los Gatos,27,4/15/24 7:29 PM,Add Roma Tomatoes,Burrata Options,DiStefano Burrata,0.00,5.00,1.0,false,
Los Gatos,21,4/15/24 7:40 PM,No Onions,Insalate Options,Mista,0.00,0.00,1.0,false,
Los Gatos,28,4/15/24 7:41 PM,Add Susage And Veggies,,Aglio e Olio,0.00,0.00,1.0,false,
Los Gatos,1,4/16/24 12:12 PM,No Chili Flakes,Aglio E Olio Options,Aglio e Olio,0.00,0.00,1.0,false,
Los Gatos,1,4/16/24 12:12 PM,No Bread Crumbs,Aglio E Olio Options,Aglio e Olio,0.00,0.00,1.0,false,
Los Gatos,1,4/16/24 12:12 PM,Add Roma Tomatoes,Burrata Options,DiStefano Burrata,0.00,5.00,1.0,false,
Los Gatos,3,4/16/24 12:40 PM,Add Chicken,Mista Options,Mista,0.00,9.00,1.0,false,
Los Gatos,3,4/16/24 12:40 PM,Lettuce Not Spring Mix,,Mista,0.00,0.00,1.0,false,
Los Gatos,5,4/16/24 1:00 PM,Add Roma Tomatoes,Burrata Options,DiStefano Burrata,0.00,5.00,1.0,false,
Los Gatos,7,4/16/24 1:49 PM,Add Chicken,,Mista,0.00,0.00,1.0,false,
Los Gatos,8,4/16/24 2:07 PM,Gf Bread,,Funghi,0.00,0.00,1.0,false,
Los Gatos,11,4/16/24 2:29 PM,Add Roma Tomatoes,Burrata Options,DiStefano Burrata,0.00,5.00,1.0,false,
Los Gatos,12,4/16/24 3:40 PM,Add Garlic Chili,,Tonno Insalate,0.00,0.00,1.0,false,
Los Gatos,13,4/16/24 3:45 PM,Add Roma Tomatoes,Burrata Options,DiStefano Burrata,0.00,5.00,1.0,false,
Los Gatos,21,4/16/24 6:54 PM,Add Salmon,Mista Options,Mista,0.00,12.00,1.0,false,
Los Gatos,22,4/16/24 6:59 PM,Add Roma Tomatoes,Burrata Options,DiStefano Burrata,0.00,5.00,1.0,false,
Los Gatos,14,4/16/24 7:24 PM,Dont Make,,Caesar,0.00,0.00,2.0,false,
Los Gatos,27,4/16/24 7:44 PM,Add Chicken,Insalate Options,Caesar,0.00,9.00,1.0,false,
Los Gatos,27,4/16/24 7:44 PM,Add Shrimp ,Insalate Options,Mista,0.00,12.00,1.0,false,
Los Gatos,4,4/17/24 12:18 PM,Add Chicken,Pasta Options,Aglio e Olio,0.00,9.00,1.0,false,
Los Gatos,9,4/17/24 1:21 PM,Add Roma Tomatoes,Burrata Options,DiStefano Burrata,0.00,5.00,1.0,false,
Los Gatos,13,4/17/24 3:45 PM,Gluten Free Bread,GF Bread,Crostini Sampler,0.00,5.00,1.0,false,
Los Gatos,19,4/17/24 5:33 PM,"Add Mozz, No Sauce",,Single Meatball,0.00,0.00,1.0,false,
Los Gatos,20,4/17/24 5:41 PM,Castelvetrano,,3 Olive Sampler,0.00,0.00,1.0,false,
Los Gatos,20,4/17/24 5:41 PM,Add Chicken,Insalate Options,Gorgonzola Salad,0.00,9.00,1.0,false,
Los Gatos,20,4/17/24 5:41 PM,Xtra Lemon On The Side,,Gorgonzola Salad,0.00,0.00,1.0,false,
Los Gatos,23,4/17/24 6:24 PM,Add Roma Tomatoes,Burrata Options,DiStefano Burrata,0.00,5.00,1.0,false,
Los Gatos,25,4/17/24 6:31 PM,Add Shrimp ,Insalate Options,Caesar,0.00,12.00,1.0,false,
Los Gatos,26,4/17/24 8:19 PM,"4 Funghi, 1 Bolzano",,Crostini Sampler,0.00,0.00,1.0,false,
Los Gatos,27,4/17/24 8:31 PM,No Make,,Spaghetti Carbonara,0.00,0.00,1.0,false,
Los Gatos,2,4/18/24 12:16 PM,Add Chicken,Insalate Options,Gorgonzola Salad,0.00,9.00,1.0,false,
Los Gatos,3,4/18/24 12:18 PM,Add Roma Tomatoes,Burrata Options,DiStefano Burrata,0.00,5.00,1.0,false,
Los Gatos,3,4/18/24 12:18 PM,Add Shrimp ,Insalate Options,Caprese Insalate,0.00,12.00,1.0,false,
Los Gatos,5,4/18/24 12:48 PM,Dressing On Side,Insalate Options,Gorgonzola Salad,0.00,0.00,1.0,false,
Los Gatos,6,4/18/24 12:56 PM,No Chili Or Breadcrumbs,,Aglio e Olio,0.00,0.00,1.0,false,
Los Gatos,1,4/18/24 12:57 PM,Add Chicken,Insalate Options,Caesar,0.00,9.00,1.0,false,
Los Gatos,9,4/18/24 2:24 PM,No Renata Add Fungi,,Crostini Sampler,0.00,0.00,1.0,false,
Los Gatos,11,4/18/24 3:23 PM,Add Salmon,Insalate Options,Caesar,0.00,14.00,1.0,false,
Los Gatos,11,4/18/24 3:23 PM,Add Pistachios,Insalate Options,Caesar,0.00,3.00,1.0,false,
Los Gatos,14,4/18/24 4:12 PM,Add Chicken,Insalate Options,Caprese Insalate,0.00,9.00,1.0,false,
Los Gatos,15,4/18/24 4:44 PM,Make 4,Crostini Mods,Renata,0.00,4.00,1.0,false,
Los Gatos,17,4/18/24 5:00 PM,Add Veggies,,Aglio e Olio,0.00,0.00,1.0,false,
Los Gatos,17,4/18/24 5:00 PM,No Mushrooms,,Aglio e Olio,0.00,0.00,1.0,false,
Los Gatos,18,4/18/24 6:07 PM,Add Shrimp ,Insalate Options,Caprese Insalate,0.00,12.00,1.0,false,
Los Gatos,22,4/18/24 6:26 PM,Add One Meatball,Pasta Options,Aglio e Olio,0.00,7.00,1.0,false,
Los Gatos,22,4/18/24 6:26 PM,Add One Meatball,Pasta Options,Cacio e Pepe,0.00,7.00,1.0,false,
Los Gatos,20,4/18/24 6:38 PM,Anchovy On Half,,Caesar,0.00,3.00,1.0,false,
Los Gatos,24,4/18/24 6:49 PM,Light Dressing,Insalate Options,Caesar,0.00,0.00,1.0,false,
Los Gatos,28,4/18/24 7:03 PM,Arugula Only,,1/2 Mista,0.00,1.50,1.0,false,
Los Gatos,28,4/18/24 7:04 PM,Arugula Only,Mista Options,Mista,0.00,0.00,1.0,false,
Los Gatos,28,4/18/24 7:04 PM,Add Chicken,Insalate Options,Mista,0.00,9.00,1.0,false,
Los Gatos,24,4/18/24 7:10 PM,Add 5 Shrimp,Pasta Options,Aglio e Olio,0.00,12.00,1.0,false,
Los Gatos,24,4/18/24 7:10 PM,No Bread Crumbs,Aglio E Olio Options,Aglio e Olio,0.00,0.00,1.0,false,
Los Gatos,31,4/18/24 7:36 PM,Add Arugula,Insalate Options,Caprese Insalate,0.00,3.00,1.0,false,
Los Gatos,30,4/18/24 7:46 PM,Gluten Free Bread,GF Bread,Tonno Panini,0.00,5.00,1.0,false,
Los Gatos,2,4/19/24 12:15 PM,Add Anchovy,Insalate Options,Caesar,0.00,3.00,1.0,false,
Los Gatos,2,4/19/24 12:15 PM,Add Chicken,Insalate Options,Gorgonzola Salad,0.00,9.00,1.0,false,
Los Gatos,6,4/19/24 12:29 PM,Add Roma Tomatoes,Burrata Options,DiStefano Burrata,0.00,5.00,1.0,false,
Los Gatos,7,4/19/24 12:34 PM,Gluten Free Bread,GF Bread,Calabrese Lo Riscaldo,0.00,5.00,1.0,false,
Los Gatos,9,4/19/24 12:48 PM,Add Mozzerella,Options,Meatballs,0.00,3.00,1.0,false,
Los Gatos,10,4/19/24 1:07 PM,Add Chicken,Insalate Options,Gorgonzola Salad,0.00,9.00,1.0,false,
Los Gatos,11,4/19/24 1:11 PM,Add Chicken,Insalate Options,Mista,0.00,9.00,1.0,false,
Los Gatos,2,4/19/24 1:13 PM,Add Mozzerella,Options,Meatballs,0.00,3.00,1.0,true,Server Error
Los Gatos,15,4/19/24 1:20 PM,Add Roma Tomatoes,Burrata Options,DiStefano Burrata,0.00,5.00,1.0,false,
Los Gatos,5,4/19/24 1:46 PM,On Focaccia,,Arthur Ave,0.00,0.00,1.0,false,
Los Gatos,19,4/19/24 1:57 PM,Add Mozzerella,Options,Meatballs,0.00,3.00,1.0,false,
Los Gatos,27,4/19/24 5:03 PM,No Cheese,,Aglio e Olio,0.00,0.00,1.0,false,
Los Gatos,27,4/19/24 5:08 PM,Mt Eden Chard,,Open On Prem Wine,0.00,0.00,1.0,false,
Los Gatos,29,4/19/24 5:24 PM,Speck On The Side,,Bolzano,0.00,0.00,1.0,false,
Los Gatos,29,4/19/24 5:24 PM,Odonata Chard,,Open On Prem Wine,0.00,0.00,1.0,false,
Los Gatos,30,4/19/24 5:30 PM,Add Roma Tomatoes,Burrata Options,DiStefano Burrata,0.00,5.00,1.0,false,
Los Gatos,31,4/19/24 5:33 PM,Butter Pasta And Cheese,,Kids Pasta,0.00,0.00,1.0,false,
Los Gatos,32,4/19/24 5:49 PM,Castelveyrano,,3 Olive Sampler,0.00,0.00,1.0,false,
Los Gatos,33,4/19/24 6:00 PM,Gluten Free Bread,Proposta Substitutions,Ricchezza (Picollo),0.00,3.00,1.0,false,
Los Gatos,35,4/19/24 6:03 PM,Add Chicken,Insalate Options,Gorgonzola Salad,0.00,9.00,1.0,false,
Los Gatos,31,4/19/24 6:18 PM,Odonata Half,,Open On Prem Wine,0.00,0.00,1.0,false,
Los Gatos,31,4/19/24 6:18 PM,R8 Half,,Open On Prem Wine,0.00,0.00,1.0,false,
Los Gatos,34,4/19/24 6:42 PM,Balsamic Viniagrette,,Caesar,0.00,0.00,1.0,false,
Los Gatos,40,4/19/24 6:44 PM,Add Roma Tomatoes,Burrata Options,DiStefano Burrata,0.00,5.00,1.0,false,
Los Gatos,46,4/19/24 7:01 PM,No Gorgonzola,,Sinfonia (Mezzo),0.00,0.00,1.0,false,
Los Gatos,46,4/19/24 7:01 PM,Lite Chili,,Calabrese Shrimp,0.00,0.00,1.0,false,
Los Gatos,46,4/19/24 7:06 PM,Add Two Meatballs,Pasta Options,Spaghetti Marinara,0.00,12.00,1.0,false,
Los Gatos,46,4/19/24 7:06 PM,Add Red Sauce,Pasta Options,Spaghetti Marinara,0.00,2.00,1.0,false,
Los Gatos,33,4/19/24 7:08 PM,Gluten Free Bread,GF Bread,Tonno Panini,0.00,5.00,1.0,false,
Los Gatos,47,4/19/24 7:12 PM,Odonata,,Open On Prem Wine,0.00,0.00,1.0,false,
Los Gatos,48,4/19/24 7:19 PM,Castelvetrano,,3 Olive Sampler,0.00,0.00,1.0,false,
Los Gatos,50,4/19/24 7:38 PM,Add One Meatball,Pasta Options,Carbonara,0.00,7.00,1.0,false,
Los Gatos,50,4/19/24 7:38 PM,Meatball On Side,,Carbonara,0.00,0.00,1.0,false,
Los Gatos,54,4/19/24 7:56 PM,Odonata,,Open On Prem Wine,0.00,0.00,1.0,false,
Los Gatos,55,4/19/24 7:59 PM,Add Roma Tomatoes,Burrata Options,DiStefano Burrata,0.00,5.00,1.0,false,
Los Gatos,57,4/19/24 8:06 PM,Add Chicken,Insalate Options,Caesar,0.00,9.00,1.0,false,
Los Gatos,57,4/19/24 8:06 PM,Pressed,Caprese Panini Options,Caprese Panini,0.00,0.00,1.0,false,
Los Gatos,57,4/19/24 8:06 PM,Lite Chili,,Aglio e Olio,0.00,0.00,1.0,false,
Los Gatos,57,4/19/24 8:06 PM,Lite Chili,,Calabrese Lo Riscaldo,0.00,0.00,1.0,false,
Los Gatos,58,4/19/24 8:06 PM,Add One Meatball,Pasta Options,Spaghetti Marinara,0.00,7.00,1.0,false,
Los Gatos,55,4/19/24 8:20 PM,Butter And Cheese,,Kids Pasta,0.00,0.00,1.0,false,
Los Gatos,61,4/19/24 8:25 PM,Add Roma Tomatoes,Burrata Options,DiStefano Burrata,0.00,5.00,1.0,false,
Los Gatos,61,4/19/24 8:26 PM,Add Roma Tomatoes,Burrata Options,DiStefano Burrata,0.00,5.00,1.0,false,
Los Gatos,3,4/20/24 12:09 PM,Add Two Meatballs,Pasta Options,Spaghetti Marinara,0.00,12.00,1.0,false,
Los Gatos,3,4/20/24 12:09 PM,Add One Meatball,Pasta Options,Spaghetti Marinara,0.00,7.00,1.0,false,
Los Gatos,4,4/20/24 12:23 PM,Make 4,Crostini Mods,Funghi,0.00,4.00,1.0,false,
Los Gatos,4,4/20/24 12:36 PM,Add 5 Shrimp,Pasta Options,Aglio e Olio,0.00,12.00,1.0,false,
Los Gatos,4,4/20/24 12:36 PM,Add Salmon,Mista Options,Mista,0.00,12.00,1.0,false,
Los Gatos,6,4/20/24 12:42 PM,Pressed,Caprese Panini Options,Caprese Panini,0.00,0.00,1.0,false,
Los Gatos,7,4/20/24 12:46 PM,Gluten Free Bread,GF Bread,Arthur Ave,0.00,5.00,1.0,false,
Los Gatos,11,4/20/24 12:52 PM,Xtra Dressing,,Caesar,0.00,0.00,1.0,false,
Los Gatos,5,4/20/24 1:05 PM,"Cheese: 4, 12, 18, 6",,Sinfonia (Mezzo),0.00,0.00,1.0,false,
Los Gatos,15,4/20/24 2:25 PM,No Meat,Crostini Mods,Crostini Sampler,0.00,0.00,1.0,false,
Los Gatos,19,4/20/24 3:42 PM,Add Salmon,Caesar Salad Options,Caesar,0.00,14.00,1.0,false,
Los Gatos,19,4/20/24 3:42 PM,Add Shrimp ,Insalate Options,Gorgonzola Salad,0.00,12.00,1.0,false,
Los Gatos,20,4/20/24 3:50 PM,GLS,,Odonata Chardonnay,0.00,15.00,1.0,false,
Los Gatos,19,4/20/24 3:56 PM,Odonata,,Open On Prem Wine,0.00,0.00,1.0,false,
Los Gatos,21,4/20/24 4:01 PM,Dressing On The Side,,Mista,0.00,0.00,1.0,false,
Los Gatos,21,4/20/24 4:01 PM,One Has Sause On The Side,,Kids Pasta,0.00,0.00,2.0,false,
Los Gatos,21,4/20/24 4:01 PM,Add Red Sauce,Pasta Options,Kids Pasta,0.00,4.00,2.0,false,
Los Gatos,21,4/20/24 4:02 PM,One Has Sause On The Side,,Kids Pasta,0.00,0.00,1.0,false,
Los Gatos,21,4/20/24 4:02 PM,Add Red Sauce,Pasta Options,Kids Pasta,0.00,2.00,1.0,false,
Los Gatos,22,4/20/24 4:05 PM,Pepperoncini On Side,,Arthur Ave,0.00,0.00,1.0,false,
Los Gatos,21,4/20/24 4:17 PM,Castelvetranos,,3 Olive Sampler,0.00,0.00,1.0,false,
Los Gatos,24,4/20/24 4:58 PM,Light Dressing,Insalate Options,Gorgonzola Salad,0.00,0.00,1.0,false,
Los Gatos,20,4/20/24 5:20 PM,GLS,,Odonata Chardonnay,0.00,15.00,1.0,false,
Los Gatos,34,4/20/24 7:11 PM,Add 5 Shrimp,Pasta Options,Aglio e Olio,0.00,12.00,1.0,false,
Los Gatos,34,4/20/24 7:11 PM,Add Shrimp ,Insalate Options,Caesar,0.00,12.00,1.0,false,
Los Gatos,37,4/20/24 7:39 PM,R8,,Open On Prem Wine,0.00,0.00,1.0,false,
Los Gatos,37,4/20/24 7:41 PM,No Meat,Crostini Mods,Crostini Sampler,0.00,0.00,1.0,false,
Los Gatos,35,4/20/24 7:47 PM,No Calabrese Y No Enchiloso,,Calabrese Lo Riscaldo,0.00,0.00,1.0,false,
Los Gatos,34,4/20/24 7:52 PM,B Day,,Tiramisu,0.00,0.00,1.0,false,
Los Gatos,39,4/20/24 8:00 PM,Add One Meatball,Pasta Options,Cacio e Pepe,0.00,7.00,1.0,false,
Los Gatos,40,4/20/24 8:06 PM,Add Roma Tomatoes,Burrata Options,DiStefano Burrata,0.00,5.00,1.0,false,
Los Gatos,40,4/20/24 8:06 PM,Add Pesto,Pasta Options,Kids Pasta,0.00,2.00,1.0,false,
Los Gatos,40,4/20/24 8:06 PM,with Bread,Bread/Crostini,Wine Soaked Fig Spread,0.00,0.00,1.0,false,
Los Gatos,37,4/20/24 8:32 PM,R8,,Open On Prem Wine,0.00,0.00,1.0,false,
Los Gatos,40,4/20/24 8:32 PM,Cut in 4,Panini Mods,Caprese Panini,0.00,0.00,1.0,false,
Los Gatos,9,4/22/24 1:11 PM,Add Salmon,Insalate Options,Caesar,0.00,14.00,1.0,false,
Los Gatos,9,4/22/24 1:11 PM,Med Rare,,Caesar,0.00,0.00,1.0,false,
Los Gatos,10,4/22/24 1:16 PM,Make 4,Crostini Mods,Tricolore,0.00,4.00,1.0,false,
Los Gatos,8,4/22/24 1:22 PM,Sub Funghi For Tricolore,,Crostini Sampler,0.00,0.00,1.0,false,
Los Gatos,8,4/22/24 1:22 PM,Castelvetranos,,3 Olive Sampler,0.00,0.00,1.0,false,
Los Gatos,13,4/22/24 2:14 PM,Xtra Dressing,,Caesar,0.00,0.00,1.0,false,
Los Gatos,14,4/22/24 3:14 PM,Add Two Meatballs,Pasta Options,Spaghetti Marinara,0.00,12.00,1.0,false,
Los Gatos,16,4/22/24 3:48 PM,Pressed,Caprese Panini Options,Caprese Panini,0.00,0.00,1.0,false,
Los Gatos,21,4/22/24 5:48 PM,Add Chicken,,Caesar,0.00,0.00,1.0,false,
Los Gatos,22,4/22/24 5:53 PM,Add Chicken,Insalate Options,Mista,0.00,9.00,1.0,false,
Los Gatos,22,4/22/24 5:53 PM,Dressing On Side,Insalate Options,Mista,0.00,0.00,1.0,false,
Los Gatos,22,4/22/24 5:53 PM,No Truffle Oil,,Mushroom Ravioli,0.00,0.00,1.0,false,
Los Gatos,22,4/22/24 6:08 PM,Make 4,Crostini Mods,Piccante,0.00,4.00,1.0,false,
Los Gatos,26,4/22/24 6:17 PM,Only Bright Green,,3 Olive Sampler,0.00,0.00,1.0,false,
Los Gatos,27,4/22/24 6:24 PM,Add Roma Tomatoes,Burrata Options,DiStefano Burrata,0.00,5.00,1.0,false,
Los Gatos,27,4/22/24 6:31 PM,Gluten Free Bread,GF Bread,Crostini Sampler,0.00,5.00,1.0,false,
Los Gatos,25,4/22/24 7:08 PM,Bday,,Ginger's Carrot Cake Bite,0.00,0.00,2.0,false,
Los Gatos,30,4/22/24 7:39 PM,Add Spring Mix Light Cheese,,Caprese Insalate,0.00,0.00,1.0,false,
Los Gatos,1,4/23/24 12:08 PM,Add Salmon,Insalate Options,Mista,0.00,14.00,1.0,false,
Los Gatos,5,4/23/24 1:52 PM,Add Chicken,,Caesar,0.00,0.00,1.0,false,
Los Gatos,10,4/23/24 3:42 PM,Add Pistachios,Insalate Options,Caesar,0.00,3.00,1.0,false,
Los Gatos,14,4/23/24 4:46 PM,Add One Meatball,Pasta Options,Aglio e Olio,0.00,7.00,1.0,false,
Los Gatos,15,4/23/24 5:37 PM,Add Roma Tomatoes,Burrata Options,DiStefano Burrata,0.00,5.00,1.0,false,
Los Gatos,19,4/23/24 6:10 PM,Anchovies,,DD CAESAR,0.00,6.00,2.0,false,
Los Gatos,21,4/23/24 6:26 PM,Dressing On Side,Insalate Options,Mista,0.00,0.00,1.0,false,
Los Gatos,21,4/23/24 6:26 PM,No Onions,Insalate Options,Mista,0.00,0.00,1.0,false,
Los Gatos,21,4/23/24 6:38 PM,Add Salmon,Insalate Options,Mista,0.00,14.00,1.0,false,
Los Gatos,23,4/23/24 6:49 PM,Add Salmon,Insalate Options,Gorgonzola Salad,0.00,14.00,1.0,false,
Los Gatos,23,4/23/24 6:49 PM,Add Salmon,Insalate Options,Mista,0.00,14.00,1.0,false,
Los Gatos,23,4/23/24 7:01 PM,Add Meat,Panini Mods,Caprese Panini,0.00,3.00,1.0,false,
Los Gatos,23,4/23/24 7:01 PM,Add Prosciutto,,Caprese Panini,0.00,2.00,1.0,false,
Los Gatos,26,4/23/24 7:24 PM,Chili On Side,,Calabrese Lo Riscaldo,0.00,0.00,1.0,false,
Los Gatos,2,4/24/24 12:20 PM,Add Roma Tomatoes,Burrata Options,DiStefano Burrata,0.00,5.00,1.0,false,
Los Gatos,1,4/24/24 12:21 PM,Dressing On Side,Insalate Options,Tonno Insalate,0.00,0.00,2.0,false,
Los Gatos,3,4/24/24 12:25 PM,Add Mozzarella,Add Mozz,DD Meatballs,0.00,5.00,1.0,false,
Los Gatos,3,4/24/24 12:25 PM,Add Anchovy,,DD CAESAR,0.00,3.00,1.0,false,
Los Gatos,3,4/24/24 12:25 PM,Add Shrimp,Add Shrimp,DD CAESAR,0.00,12.00,1.0,false,
Los Gatos,2,4/24/24 12:28 PM,Xtra Peperunci I,,Tonno Panini,0.00,0.00,1.0,false,
Los Gatos,2,4/24/24 12:28 PM,Add Prosciutto,,Gorgonzola Salad,0.00,5.00,1.0,false,
Los Gatos,2,4/24/24 12:29 PM,Gluten Free Bread,GF Bread,Tonno Panini,0.00,5.00,1.0,false,
Los Gatos,5,4/24/24 12:58 PM,Add Roma Tomatoes,Burrata Options,DiStefano Burrata,0.00,5.00,1.0,false,
Los Gatos,5,4/24/24 1:19 PM,Cut in 4,Panini Mods,Caprese Panini,0.00,0.00,1.0,false,
Los Gatos,10,4/24/24 1:36 PM,Add Chicken,Insalate Options,Gorgonzola Salad,0.00,9.00,1.0,false,
Los Gatos,10,4/24/24 1:36 PM,Add Chicken,Insalate Options,Caesar,0.00,9.00,1.0,false,
Los Gatos,12,4/24/24 1:40 PM,Make 4,,Funghi,0.00,0.00,1.0,false,
Los Gatos,13,4/24/24 1:51 PM,Add Roma Tomatoes,Burrata Options,DiStefano Burrata,0.00,5.00,1.0,false,
Los Gatos,15,4/24/24 2:09 PM,Add Roma Tomatoes,Burrata Options,DiStefano Burrata,0.00,5.00,1.0,false,
Los Gatos,13,4/24/24 2:30 PM,Add Roma Tomatoes,Burrata Options,DiStefano Burrata,0.00,5.00,1.0,false,
Los Gatos,14,4/24/24 2:43 PM,Half,,Pane Bianco,0.00,0.00,1.0,false,
Los Gatos,16,4/24/24 2:45 PM,R8,,Open On Prem Wine,0.00,0.00,1.0,false,
Los Gatos,21,4/24/24 4:25 PM,2tricolore No Funghi,,Crostini Sampler,0.00,0.00,1.0,false,
Los Gatos,21,4/24/24 4:51 PM,Extra Parm,,Cacio e Pepe,0.00,0.00,1.0,false,
Los Gatos,23,4/24/24 5:26 PM,"2 Calabrese, One Other Salame",,Ricchezza (Picollo),0.00,0.00,1.0,false,
Los Gatos,23,4/24/24 5:26 PM,Gorgonzola And Truffle,,Ricchezza (Picollo),0.00,0.00,1.0,false,
Los Gatos,24,4/24/24 5:35 PM,Cook Pasta Longer,,Cacio e Pepe,0.00,0.00,1.0,false,
Los Gatos,28,4/24/24 6:06 PM,Add Chicken,Pasta Options,Aglio e Olio,0.00,9.00,1.0,false,
Los Gatos,30,4/24/24 6:37 PM,Add Roma Tomatoes,Burrata Options,DiStefano Burrata,0.00,5.00,1.0,false,
Los Gatos,32,4/24/24 7:03 PM,Just Butter And Cheese,,Kids Pasta,0.00,0.00,1.0,false,
Los Gatos,33,4/24/24 7:25 PM,Add Chicken,,DD Lasagne,0.00,10.00,1.0,false,
Los Gatos,35,4/24/24 7:46 PM,Only Bright Green Olives,,3 Olive Sampler,0.00,0.00,1.0,false,
Los Gatos,35,4/24/24 7:46 PM,No Pepper,,Cacio e Pepe,0.00,0.00,1.0,true,Server Error
Los Gatos,34,4/24/24 8:02 PM,Dont Make,,Aglio e Olio,0.00,0.00,1.0,false,
Los Gatos,35,4/24/24 8:51 PM,Dont Make,,Cacio E Pepe,0.00,0.00,1.0,false,
Los Gatos,1,4/25/24 12:45 PM,Add 5 Shrimp,Pasta Options,Carbonara,0.00,12.00,1.0,false,
Los Gatos,4,4/25/24 12:51 PM,Onlybgreen,,3 Olive Sampler,0.00,0.00,1.0,false,
Los Gatos,4,4/25/24 12:51 PM,Garlic Chili,,Balsamic Glaze,0.00,0.00,1.0,false,
Los Gatos,5,4/25/24 1:02 PM,Dressing On Side,Insalate Options,Caesar,0.00,0.00,1.0,false,
Los Gatos,5,4/25/24 1:02 PM,Add Shrimp ,Insalate Options,Caesar,0.00,12.00,1.0,false,
Los Gatos,6,4/25/24 1:37 PM,Light Oil,,Caprese Panini,0.00,0.00,1.0,false,
Los Gatos,7,4/25/24 1:43 PM,No Dressing Vinagerette,,Caesar,0.00,0.00,1.0,false,
Los Gatos,7,4/25/24 1:44 PM,Add Shrimp ,Insalate Options,Caesar,0.00,12.00,1.0,false,
Los Gatos,12,4/25/24 4:13 PM,Gluten Free Bread,GF Bread,Crostini Sampler,0.00,5.00,1.0,false,
Los Gatos,16,4/25/24 5:14 PM,Add Veggies,,Aglio e Olio,0.00,0.00,1.0,false,
Los Gatos,16,4/25/24 5:14 PM,No Mushrooms,,Aglio e Olio,0.00,0.00,1.0,false,
Los Gatos,22,4/25/24 6:18 PM,No Chili Flakes,,Aglio e Olio,0.00,0.00,1.0,false,
Los Gatos,22,4/25/24 6:18 PM,Add Spaghetti,,Meatballs,0.00,6.00,1.0,false,
Los Gatos,29,4/25/24 6:25 PM,Add Giardiniera,,The Alba,0.00,0.00,2.0,false,
Los Gatos,31,4/25/24 6:36 PM,Chili Flakes On Side,,Aglio e Olio,0.00,0.00,1.0,false,
Los Gatos,32,4/25/24 6:42 PM,Light Dressing,Insalate Options,Caesar,0.00,0.00,1.0,false,
Los Gatos,32,4/25/24 6:43 PM,No Renata,,Crostini Sampler,0.00,0.00,1.0,false,
Los Gatos,32,4/25/24 6:43 PM,2 Tricolore,,Crostini Sampler,0.00,0.00,1.0,false,
Los Gatos,32,4/25/24 6:43 PM,No Bread Crumbs,Aglio E Olio Options,Aglio e Olio,0.00,0.00,1.0,false,
Los Gatos,32,4/25/24 6:43 PM,Add 5 Shrimp,Pasta Options,Aglio e Olio,0.00,12.00,1.0,false,
Los Gatos,34,4/25/24 6:59 PM,Add Roma Tomatoes,Burrata Options,DiStefano Burrata,0.00,5.00,1.0,false,
Los Gatos,31,4/25/24 7:18 PM,To Go,,Aglio e Olio,0.00,0.00,2.0,false,
Los Gatos,31,4/25/24 7:18 PM,Chili Flakes On Side,,Aglio e Olio,0.00,0.00,2.0,false,
Los Gatos,17,4/25/24 8:27 PM,Bday,,Tiramisu,0.00,0.00,1.0,false,
Los Gatos,2,4/26/24 12:23 PM,Add Shrimp,,Caesar,0.00,9.00,1.0,false,
Los Gatos,7,4/26/24 1:44 PM,Cut In 4,,Arthur Ave,0.00,0.00,2.0,false,
Los Gatos,7,4/26/24 1:44 PM,Cut In 4,,Caprese Panini,0.00,0.00,2.0,false,
Los Gatos,9,4/26/24 2:53 PM,Extra Pepperoncini,Tonno Salad Options,Tonno Insalate,0.00,3.00,1.0,false,
Los Gatos,10,4/26/24 3:34 PM,Dressing On Side,Insalate Options,Caesar,0.00,0.00,1.0,false,
Los Gatos,15,4/26/24 4:42 PM,Add Shrimp ,Insalate Options,Caesar,0.00,12.00,1.0,false,
Los Gatos,17,4/26/24 5:08 PM,Castelvetrano,,3 Olive Sampler,0.00,0.00,1.0,false,
Los Gatos,17,4/26/24 5:25 PM,Add Chicken,Insalate Options,Gorgonzola Salad,0.00,9.00,1.0,false,
Los Gatos,17,4/26/24 5:25 PM,Lemon On Sids,,Gorgonzola Salad,0.00,0.00,1.0,false,
Los Gatos,17,4/26/24 5:25 PM,Add One Meatball,Pasta Options,Mushroom Ravioli,0.00,7.00,1.0,false,
Los Gatos,17,4/26/24 5:25 PM,Meatball On Side Pls,,Mushroom Ravioli,0.00,0.00,1.0,false,
Los Gatos,18,4/26/24 5:30 PM,Add Red Sauce,Pasta Options,Kids Pasta,0.00,2.00,1.0,false,
Los Gatos,21,4/26/24 5:50 PM,Roma Tomatoes,,DD DiStefano Burrata,0.00,5.00,1.0,false,
Los Gatos,23,4/26/24 6:11 PM,Make 4,Crostini Mods,Bolzano,0.00,4.00,1.0,false,
Los Gatos,29,4/26/24 6:47 PM,Add Shrimp ,Insalate Options,Gorgonzola Salad,0.00,12.00,1.0,false,
Los Gatos,29,4/26/24 6:47 PM,No Crumbles,,Gorgonzola Salad,0.00,0.00,1.0,false,
Los Gatos,30,4/26/24 7:11 PM,Make 4,Crostini Mods,Renata,0.00,4.00,1.0,false,
Los Gatos,36,4/26/24 7:23 PM,Castelvetrano,,3 Olive Sampler,0.00,0.00,1.0,false,
Los Gatos,35,4/26/24 7:28 PM,Calabresse Please:),,Ricchezza (Picollo),0.00,0.00,1.0,false,
Los Gatos,38,4/26/24 7:50 PM,L Arco Roso,,Open Retail Wine,0.00,0.00,12.0,false,
Los Gatos,41,4/26/24 8:25 PM,Add Chicken,,Caesar,0.00,0.00,1.0,false,
Los Gatos,4,4/27/24 1:04 PM,Add Red Sauce,Pasta Options,Kids Pasta,0.00,2.00,1.0,false,
Los Gatos,4,4/27/24 1:04 PM,Add 5 Shrimp,Pasta Options,Carbonara,0.00,12.00,1.0,false,
Los Gatos,4,4/27/24 1:04 PM,Add 5 Shrimp,Pasta Options,Mushroom Ravioli,0.00,12.00,1.0,false,
Los Gatos,5,4/27/24 1:40 PM,Add Chicken,Insalate Options,Gorgonzola Salad,0.00,18.00,2.0,false,
Los Gatos,7,4/27/24 2:10 PM,Add Salmon,Insalate Options,1/2 Gorgonzola,0.00,28.00,2.0,false,
Los Gatos,8,4/27/24 2:19 PM,Xtra Dressing,,Caesar,0.00,0.00,1.0,false,
Los Gatos,12,4/27/24 3:16 PM,Add Roma Tomatoes,Burrata Options,DiStefano Burrata,0.00,5.00,1.0,false,
Los Gatos,9,4/27/24 3:34 PM,"Mortadella And Genoa Panini, With Butter",,Open Food,0.00,0.00,1.0,false,
Los Gatos,13,4/27/24 3:50 PM,Half No Burrata,,Prosciutto Bruschetta,0.00,0.00,1.0,false,
Los Gatos,15,4/27/24 4:40 PM,Side Of Garlic Chili,,Caprese Panini,0.00,0.00,1.0,false,
Los Gatos,16,4/27/24 4:48 PM,Pair With Meatballs,,Half Riva Leone Barbera,0.00,0.00,1.0,false,
Los Gatos,21,4/27/24 5:28 PM,Add Roma Tomatoes,Burrata Options,DiStefano Burrata,0.00,5.00,1.0,false,
Los Gatos,25,4/27/24 6:00 PM,Primitivo,,Open On Prem Wine,0.00,0.00,1.0,false,
Los Gatos,28,4/27/24 6:08 PM,Gluten Free Bread,GF Bread,Funghi,0.00,5.00,1.0,false,
Los Gatos,21,4/27/24 6:15 PM,Add Shrimp ,Insalate Options,Tonno Insalate,0.00,12.00,1.0,false,
Los Gatos,29,4/27/24 6:18 PM,Add Roma Tomatoes,Burrata Options,DiStefano Burrata,0.00,5.00,1.0,false,
Los Gatos,29,4/27/24 6:18 PM,Normal And Bf Bread,,DiStefano Burrata,0.00,4.00,1.0,false,
Los Gatos,31,4/27/24 6:31 PM,Add Roma Tomatoes,Burrata Options,DiStefano Burrata,0.00,5.00,1.0,false,
Los Gatos,26,4/27/24 6:38 PM,Add Two Meatballs,Pasta Options,Carbonara,0.00,12.00,1.0,false,
Los Gatos,28,4/27/24 6:51 PM,Gluten Free Bread,GF Bread,Renata,0.00,5.00,1.0,false,
Los Gatos,36,4/27/24 6:53 PM,Add Chicken Well Done,,Caesar,0.00,0.00,1.0,false,
Los Gatos,35,4/27/24 6:56 PM,Add Roma Tomatoes,Burrata Options,DiStefano Burrata,0.00,5.00,1.0,false,
Los Gatos,38,4/27/24 7:01 PM,Add One Meatball,Pasta Options,Kids Pasta,0.00,7.00,1.0,false,
Los Gatos,28,4/27/24 7:13 PM,Gluten Free Bread,GF Bread,Renata,0.00,5.00,1.0,false,
Los Gatos,38,4/27/24 7:17 PM,Make 4,Crostini Mods,Renata,0.00,4.00,1.0,false,
Los Gatos,38,4/27/24 7:17 PM,Add Roma Tomatoes,Burrata Options,DiStefano Burrata,0.00,5.00,1.0,false,
Los Gatos,42,4/27/24 7:30 PM,Add Roma Tomatoes,Burrata Options,DiStefano Burrata,0.00,5.00,1.0,false,
Los Gatos,42,4/27/24 7:30 PM,Glutten Free,,DiStefano Burrata,0.00,5.00,1.0,false,
Los Gatos,46,4/27/24 8:10 PM,Add Roma Tomatoes,Burrata Options,DiStefano Burrata,0.00,5.00,1.0,false,
Los Gatos,6,4/28/24 1:09 PM,Add Red Sauce,Pasta Options,Kids Pasta,0.00,2.00,1.0,true,Server Error
Los Gatos,7,4/28/24 2:20 PM,Add Salame,Insalate Options,Caesar,0.00,3.00,1.0,false,
Los Gatos,9,4/28/24 2:28 PM,Add Salmon,Insalate Options,Caesar,0.00,14.00,1.0,false,
Los Gatos,4,4/29/24 12:26 PM,Add Salmon,Insalate Options,Caesar,0.00,14.00,1.0,false,
Los Gatos,4,4/29/24 12:26 PM,Add Salmon,Insalate Options,Caesar,0.00,14.00,1.0,false,
Los Gatos,7,4/29/24 12:44 PM,Add One Meatball,Pasta Options,Spaghetti Marinara,0.00,7.00,1.0,false,
Los Gatos,7,4/29/24 12:44 PM,No Cheese,Pasta Options,Spaghetti Marinara,0.00,0.00,1.0,false,
Los Gatos,3,4/29/24 1:03 PM,DO NOT MAKE,SFIZI Mods,3 Olive Sampler,0.00,0.00,1.0,false,
Los Gatos,12,4/29/24 2:14 PM,No Bread Crumbs,Aglio E Olio Options,Aglio e Olio,0.00,0.00,1.0,false,
Los Gatos,12,4/29/24 2:14 PM,Add Sliced Tomatoes,,Aglio e Olio,0.00,0.00,1.0,false,
Los Gatos,14,4/29/24 2:52 PM,Xtra Dressing,,Caesar,0.00,0.00,1.0,false,
Los Gatos,21,4/29/24 4:48 PM,All Cheese,,Ricchezza (Picollo),0.00,0.00,1.0,false,
Los Gatos,29,4/29/24 6:22 PM,Add Roma Tomatoes,Burrata Options,DiStefano Burrata,0.00,5.00,1.0,false,
Los Gatos,1,4/30/24 12:04 PM,Add Salmon,Insalate Options,Caesar,0.00,14.00,1.0,false,
Los Gatos,5,4/30/24 12:33 PM,Cut in 3,Panini Mods,Arthur Ave,0.00,0.00,1.0,false,
Los Gatos,8,4/30/24 1:28 PM,Add Shrimp ,Insalate Options,Caesar,0.00,12.00,1.0,false,
Los Gatos,11,4/30/24 1:55 PM,On Board But Wrapped 4cheese 2 Meat,,Ricchezza (Picollo),0.00,0.00,1.0,false,
Los Gatos,13,4/30/24 2:34 PM,Add Chicken,Insalate Options,Gorgonzola Salad,0.00,9.00,1.0,false,
Los Gatos,21,4/30/24 4:40 PM,Add Tomatoes,,DD DiStefano Burrata,0.00,5.00,1.0,false,
Los Gatos,26,4/30/24 6:00 PM,Add Roma Tomatoes,Burrata Options,DiStefano Burrata,0.00,5.00,1.0,false,
Los Gatos,29,4/30/24 6:24 PM,No Salt,,Salmon,0.00,0.00,1.0,false,
Los Gatos,31,4/30/24 6:34 PM,Xtra Vegies,,Salmon,0.00,0.00,1.0,false,
Los Gatos,39,4/30/24 6:51 PM,Cut 5,,Prosciutto Bruschetta,0.00,0.00,1.0,false,
Los Gatos,39,4/30/24 6:51 PM,Cut 5,,Classic Bruschetta,0.00,0.00,1.0,false,
Los Gatos,39,4/30/24 7:05 PM,Cut 5,,Prosciutto Bruschetta,0.00,0.00,1.0,false,
Los Gatos,39,4/30/24 7:05 PM,Cut 5,,Classic Bruschetta,0.00,0.00,1.0,false,
Los Gatos,36,4/30/24 7:15 PM,Add Roma Tomatoes,Burrata Options,DiStefano Burrata,0.00,10.00,2.0,false,
Los Gatos,36,4/30/24 7:16 PM,Add One Meatball,Pasta Options,Carbonara,0.00,28.00,4.0,false,
Los Gatos,36,4/30/24 7:21 PM,Add Roma Tomatoes,Burrata Options,DiStefano Burrata,0.00,5.00,1.0,false,
Los Gatos,39,4/30/24 7:37 PM,Add Shrimp ,Insalate Options,Gorgonzola Salad,0.00,12.00,1.0,false,
Los Gatos,39,4/30/24 7:37 PM,Add Chicken,Insalate Options,Mista,0.00,9.00,1.0,false,
Los Gatos,39,4/30/24 7:37 PM,On The Mista,,Herb Chicken,0.00,0.00,1.0,false,
Los Gatos,39,4/30/24 7:37 PM,Add One Meatball,Pasta Options,Aglio e Olio,0.00,7.00,1.0,false,
Los Gatos,39,4/30/24 7:37 PM,Add Mozzerella,Options,Meatballs,0.00,3.00,1.0,false,
